<?xml version="1.0" encoding="UTF-8"?>
<config date="1614597700203" transient="false">
	<site updateable="true" url="platform:/base/" enabled="true" policy="USER-EXCLUDE">
		<feature id="org.eclipse.e4.rcp" version="1.6.500.v20190605-1801" url="features/org.eclipse.e4.rcp_1.6.500.v20190605-1801/">
		</feature>
		<feature id="org.eclipse.emf.common" version="2.16.0.v20190528-0845" url="features/org.eclipse.emf.common_2.16.0.v20190528-0845/">
		</feature>
		<feature id="org.eclipse.fx.runtime.min.feature" version="3.5.0.201902220600" url="features/org.eclipse.fx.runtime.min.feature_3.5.0.201902220600/">
		</feature>
		<feature id="com.huawei.mppdbide.feature" version="1.0.0.202103011120" url="features/com.huawei.mppdbide.feature_1.0.0.202103011120/">
		</feature>
		<feature id="org.eclipse.emf.ecore" version="2.18.0.v20190528-0845" url="features/org.eclipse.emf.ecore_2.18.0.v20190528-0845/">
		</feature>
	</site>
</config>
