<?xml version="1.0" encoding="UTF-8"?>
<feature
      id="com.huawei.mppdbide.feature"
      label="Feature"
      version="1.0.0.202103011120"
      provider-name="Huawei Technologies">

   <description url="http://www.example.com/description">
      [Enter Feature Description here.]
   </description>

   <copyright url="http://www.example.com/copyright">
      [Enter Copyright Description here.]
   </copyright>

   <license url="http://www.example.com/license">
      [Enter License Description here.]
   </license>

   <requires>
      <import plugin="org.eclipse.core.runtime"/>
      <import plugin="com.huawei.mppdbide.util" version="1.0.0" match="greaterOrEqual"/>
      <import plugin="com.huawei.mppdbide.adapter.gauss" version="1.0.0" match="greaterOrEqual"/>
      <import plugin="org.eclipse.swt" version="3.100.0" match="greaterOrEqual"/>
      <import plugin="javax.inject" version="1.0.0" match="greaterOrEqual"/>
      <import plugin="org.eclipse.e4.core.di" version="1.1.0" match="greaterOrEqual"/>
      <import plugin="org.eclipse.e4.ui.workbench" version="0.10.2" match="greaterOrEqual"/>
      <import plugin="org.eclipse.e4.ui.di" version="0.10.1" match="greaterOrEqual"/>
      <import plugin="org.eclipse.jface" version="3.8.0" match="greaterOrEqual"/>
      <import plugin="org.eclipse.jface.text" version="3.8.0" match="greaterOrEqual"/>
      <import plugin="com.huawei.mppdbide.bl" version="1.0.0" match="greaterOrEqual"/>
      <import plugin="org.eclipse.ui" version="3.103.0" match="greaterOrEqual"/>
      <import plugin="org.eclipse.e4.core.contexts" version="1.1.0" match="greaterOrEqual"/>
      <import plugin="org.eclipse.e4.ui.workbench.swt" version="0.10.1" match="greaterOrEqual"/>
      <import plugin="org.eclipse.core.expressions" version="3.4.400" match="greaterOrEqual"/>
      <import plugin="org.eclipse.ui.editors" version="3.8.0" match="greaterOrEqual"/>
      <import plugin="org.eclipse.e4.core.commands" version="0.10.1" match="greaterOrEqual"/>
      <import plugin="org.eclipse.core.resources" version="3.8.0" match="greaterOrEqual"/>
      <import plugin="org.apache.log4j" version="1.2.15" match="greaterOrEqual"/>
   </requires>

   <plugin
         id="com.huawei.mppdbide.adapter.gauss"
         download-size="56"
         install-size="100"
         version="1.0.0.202103011120"
         unpack="false"/>

   <plugin
         id="com.huawei.mppdbide.bl"
         download-size="722"
         install-size="1353"
         version="1.0.0.202103011120"
         unpack="false"/>

   <plugin
         id="com.huawei.mppdbide.view"
         download-size="6472"
         install-size="11373"
         version="1.0.0.202103011120"
         unpack="false"/>

   <plugin
         id="com.huawei.mppdbide.util"
         download-size="1994"
         install-size="2632"
         version="1.0.0.202103011120"
         unpack="false"/>

   <plugin
         id="com.huawei.dbdriver.jdbc.gauss"
         download-size="4829"
         install-size="5440"
         version="1.0.0.202103011120"
         unpack="false"/>

   <plugin
         id="org.apache.log4j"
         download-size="417"
         install-size="807"
         version="1.2.15.v201012070815"
         unpack="false"/>

   <plugin
         id="Common-collection"
         download-size="15469"
         install-size="18309"
         version="1.0.0"
         unpack="false"/>

   <plugin
         id="commons-csv"
         download-size="47"
         install-size="63"
         version="1.0.0"
         unpack="false"/>

   <plugin
         id="com.huawei.mppdbide.presentation"
         download-size="303"
         install-size="656"
         version="1.0.0.202103011120"
         unpack="false"/>

   <plugin
         id="com.huawei.mppdbide.explainplan"
         download-size="350"
         install-size="517"
         version="1.0.0.202103011120"
         unpack="false"/>

   <plugin
         id="JSQLParser"
         download-size="363"
         install-size="420"
         version="1.0.0"
         unpack="false"/>

   <plugin
         id="com.huawei.mppdbide.parser"
         download-size="915"
         install-size="2224"
         version="1.0.0.202103011120"
         unpack="false"/>

   <plugin
         id="com.huawei.mppdbide.editor.extension"
         download-size="7"
         install-size="11"
         version="1.0.0.202103011120"
         unpack="false"/>

</feature>
